BASE_COORD,CENTER_PROJECT_NAME,COMMON_NAME,DESIGN_DESCRIPTION,EXTERNAL_ID,INSTRUMENT_MODEL,LIBRARY_CONSTRUCTION_PROTOCOL,LIBRARY_LAYOUT,LIBRARY_NAME,LIBRARY_SELECTION,LIBRARY_SOURCE,LIBRARY_STRATEGY,PLATFORM,PREV_STEP_INDEX,PRIMARY_ID,PROGRAM,READ_CLASS,READ_INDEX,READ_TYPE,SAMPLE_ArrayExpress_Sex,SAMPLE_ArrayExpress_Species,SAMPLE_ArrayExpress_StrainOrLine,SAMPLE_BioSample,SAMPLE_BioSampleModel,SAMPLE_DB_1,SAMPLE_EXTERNAL_ID,SAMPLE_ID_1,SAMPLE_LABEL_1,SAMPLE_PRIMARY_ID,SAMPLE_SUBMITTER_ID,SAMPLE_Strain,SAMPLE_TITLE,SAMPLE_serovar,SAMPLE_strain,SAMPLE_sub_species,"SAMPLE_translation_missing:_en,_metadata,_sample,_sample_metadata,_sample_description","SAMPLE_translation_missing:_en,_metadata,_sample,_sample_metadata,_sample_strain_att",SCIENTIFIC_NAME,SPOT_LENGTH,STEP_INDEX,STUDY_ABSTRACT,STUDY_BioProject,STUDY_DESCRIPTION,STUDY_EXTERNAL_ID,STUDY_PRIMARY_ID,STUDY_SUBMITTER_ID,STUDY_TITLE,SUBMITTER_ID,TAXON_ID,TITLE,VERSION
,MICROME_single_carbon_source_testing_by_TraDIS,Salmonella enterica subsp. enterica serovar Enteritidis,"Illumina sequencing of library 3738167, constructed from sample accession ERS033057 for study accession ERP000648.  This is part of an Illumina multiplexed sequencing run (7176_3).  This submission includes reads tagged with the sequence TGTACCT.",,Illumina HiSeq 2000,Standard,PAIRED,3738167,PCR,GENOMIC,Tn-Seq,ILLUMINA,,"ERP000648, ERA234412, ERX278832, ERR305491, ERS033057",,,,,not applicable,Salmonella enterica subsp. enterica serovar Enteritidis,P125109,SAMEA1942587,,,SAMEA1942587,,,ERS033057,A1Emucic-sc-2011-05-04T10:55:51Z-1127486,P125109,,,,,,,,,,http://www.sanger.ac.uk/resources/downloads/bacteria/salmonella.html,PRJEB2514,http://www.sanger.ac.uk/resources/downloads/bacteria/salmonella.html,PRJEB2514,ERP000648,MICROME_single_carbon_source_testing_by_TraDIS-sc-2011-04-26T11:12:03Z-1819,MICROME_single_carbon_source_testing_by_TraDIS,"MICROME_single_carbon_source_testing_by_TraDIS-sc-2011-04-26T11:12:03Z-1819, A1Emucic-sc-2011-05-04T10:55:51Z-1127486, SC_EXP_7176_3#17",149539,,
,MICROME_single_carbon_source_testing_by_TraDIS,Salmonella enterica subsp. enterica serovar Enteritidis,"Illumina sequencing of library 3738168, constructed from sample accession ERS033058 for study accession ERP000648.  This is part of an Illumina multiplexed sequencing run (7176_3).  This submission includes reads tagged with the sequence TTCTGTG.",,Illumina HiSeq 2000,Standard,PAIRED,3738168,PCR,GENOMIC,Tn-Seq,ILLUMINA,,"ERS033058, ERA234412, ERP000648, ERX278833, ERR305492",,,,,not applicable,Salmonella enterica subsp. enterica serovar Enteritidis,P125109,SAMEA1941072,,,SAMEA1941072,,,ERS033058,A2Emucic-sc-2011-05-04T10:55:51Z-1127487,P125109,,,,,,,,,,http://www.sanger.ac.uk/resources/downloads/bacteria/salmonella.html,PRJEB2514,http://www.sanger.ac.uk/resources/downloads/bacteria/salmonella.html,PRJEB2514,ERP000648,MICROME_single_carbon_source_testing_by_TraDIS-sc-2011-04-26T11:12:03Z-1819,MICROME_single_carbon_source_testing_by_TraDIS,"SC_EXP_7176_3#18, A2Emucic-sc-2011-05-04T10:55:51Z-1127487, MICROME_single_carbon_source_testing_by_TraDIS-sc-2011-04-26T11:12:03Z-1819",149539,,
,MICROME_single_carbon_source_testing_by_TraDIS,Salmonella enterica subsp. enterica serovar Enteritidis,"Illumina sequencing of library 3738169, constructed from sample accession ERS033059 for study accession ERP000648.  This is part of an Illumina multiplexed sequencing run (7176_3).  This submission includes reads tagged with the sequence TCTGCTG.",,Illumina HiSeq 2000,Standard,PAIRED,3738169,PCR,GENOMIC,Tn-Seq,ILLUMINA,,"ERS033059, ERX278834, ERA234412, ERP000648, ERR305493",,,,,not applicable,Salmonella enterica subsp. enterica serovar Enteritidis,P125109,SAMEA1940361,,,SAMEA1940361,,,ERS033059,B1Emucic-sc-2011-05-04T10:55:52Z-1127488,P125109,,,,,,,,,,http://www.sanger.ac.uk/resources/downloads/bacteria/salmonella.html,PRJEB2514,http://www.sanger.ac.uk/resources/downloads/bacteria/salmonella.html,PRJEB2514,ERP000648,MICROME_single_carbon_source_testing_by_TraDIS-sc-2011-04-26T11:12:03Z-1819,MICROME_single_carbon_source_testing_by_TraDIS,"B1Emucic-sc-2011-05-04T10:55:52Z-1127488, SC_EXP_7176_3#19, MICROME_single_carbon_source_testing_by_TraDIS-sc-2011-04-26T11:12:03Z-1819",149539,,
,MICROME_single_carbon_source_testing_by_TraDIS,Salmonella enterica subsp. enterica serovar Enteritidis,"Illumina sequencing of library 3738170, constructed from sample accession ERS033060 for study accession ERP000648.  This is part of an Illumina multiplexed sequencing run (7176_3).  This submission includes reads tagged with the sequence TTGGAGG.",,Illumina HiSeq 2000,Standard,PAIRED,3738170,PCR,GENOMIC,Tn-Seq,ILLUMINA,,"ERS033060, ERA234412, ERX278835, ERP000648, ERR305494",,,,,not applicable,Salmonella enterica subsp. enterica serovar Enteritidis,P125109,SAMEA1942588,,,SAMEA1942588,,,ERS033060,B2Emucic-sc-2011-05-04T10:55:52Z-1127489,P125109,,,,,,,,,,http://www.sanger.ac.uk/resources/downloads/bacteria/salmonella.html,PRJEB2514,http://www.sanger.ac.uk/resources/downloads/bacteria/salmonella.html,PRJEB2514,ERP000648,MICROME_single_carbon_source_testing_by_TraDIS-sc-2011-04-26T11:12:03Z-1819,MICROME_single_carbon_source_testing_by_TraDIS,"SC_EXP_7176_3#20, B2Emucic-sc-2011-05-04T10:55:52Z-1127489, MICROME_single_carbon_source_testing_by_TraDIS-sc-2011-04-26T11:12:03Z-1819",149539,,
,MICROME_single_carbon_source_testing_by_TraDIS,Salmonella enterica subsp. enterica serovar Enteritidis,"Illumina sequencing of library 3738172, constructed from sample accession ERS033053 for study accession ERP000648.  This is part of an Illumina multiplexed sequencing run (7176_5).  This submission includes reads tagged with the sequence GGCTACAG.",,Illumina HiSeq 2000,Standard,PAIRED,3738172,PCR,GENOMIC,Tn-Seq,ILLUMINA,,"ERX278836, ERA234412, ERS033053, ERP000648, ERR305495",,,,,not applicable,Salmonella enterica subsp. enterica serovar Enteritidis,P125109,SAMEA1940359,,,SAMEA1940359,,,ERS033053,A1Egluc-sc-2011-05-04T10:55:48Z-1127482,P125109,,,,,,,,,,http://www.sanger.ac.uk/resources/downloads/bacteria/salmonella.html,PRJEB2514,http://www.sanger.ac.uk/resources/downloads/bacteria/salmonella.html,PRJEB2514,ERP000648,MICROME_single_carbon_source_testing_by_TraDIS-sc-2011-04-26T11:12:03Z-1819,MICROME_single_carbon_source_testing_by_TraDIS,"A1Egluc-sc-2011-05-04T10:55:48Z-1127482, SC_EXP_7176_5#9, MICROME_single_carbon_source_testing_by_TraDIS-sc-2011-04-26T11:12:03Z-1819",149539,,
,MICROME_single_carbon_source_testing_by_TraDIS,Salmonella enterica subsp. enterica serovar Enteritidis,"Illumina sequencing of library 3738173, constructed from sample accession ERS033054 for study accession ERP000648.  This is part of an Illumina multiplexed sequencing run (7176_5).  This submission includes reads tagged with the sequence CTTGTACT.",,Illumina HiSeq 2000,Standard,PAIRED,3738173,PCR,GENOMIC,Tn-Seq,ILLUMINA,,"ERX278837, ERA234412, ERP000648, ERS033054, ERR305496",,,,,not applicable,Salmonella enterica subsp. enterica serovar Enteritidis,P125109,SAMEA1942586,,,SAMEA1942586,,,ERS033054,A2Egluc-sc-2011-05-04T10:55:49Z-1127483,P125109,,,,,,,,,,http://www.sanger.ac.uk/resources/downloads/bacteria/salmonella.html,PRJEB2514,http://www.sanger.ac.uk/resources/downloads/bacteria/salmonella.html,PRJEB2514,ERP000648,MICROME_single_carbon_source_testing_by_TraDIS-sc-2011-04-26T11:12:03Z-1819,MICROME_single_carbon_source_testing_by_TraDIS,"A2Egluc-sc-2011-05-04T10:55:49Z-1127483, SC_EXP_7176_5#10, MICROME_single_carbon_source_testing_by_TraDIS-sc-2011-04-26T11:12:03Z-1819",149539,,
,MICROME_single_carbon_source_testing_by_TraDIS,Salmonella enterica subsp. enterica serovar Enteritidis,"Illumina sequencing of library 3738174, constructed from sample accession ERS033055 for study accession ERP000648.  This is part of an Illumina multiplexed sequencing run (7176_5).  This submission includes reads tagged with the sequence ACTTGATG.",,Illumina HiSeq 2000,Standard,PAIRED,3738174,PCR,GENOMIC,Tn-Seq,ILLUMINA,,"ERR305497, ERA234412, ERP000648, ERS033055, ERX278838",,,,,not applicable,Salmonella enterica subsp. enterica serovar Enteritidis,P125109,SAMEA1941071,,,SAMEA1941071,,,ERS033055,B1Egluc-sc-2011-05-04T10:55:49Z-1127484,P125109,,,,,,,,,,http://www.sanger.ac.uk/resources/downloads/bacteria/salmonella.html,PRJEB2514,http://www.sanger.ac.uk/resources/downloads/bacteria/salmonella.html,PRJEB2514,ERP000648,MICROME_single_carbon_source_testing_by_TraDIS-sc-2011-04-26T11:12:03Z-1819,MICROME_single_carbon_source_testing_by_TraDIS,"B1Egluc-sc-2011-05-04T10:55:49Z-1127484, MICROME_single_carbon_source_testing_by_TraDIS-sc-2011-04-26T11:12:03Z-1819, SC_EXP_7176_5#11",149539,,
,MICROME_single_carbon_source_testing_by_TraDIS,Salmonella enterica subsp. enterica serovar Enteritidis,"Illumina sequencing of library 3738175, constructed from sample accession ERS033056 for study accession ERP000648.  This is part of an Illumina multiplexed sequencing run (7176_5).  This submission includes reads tagged with the sequence TGACCACT.",,Illumina HiSeq 2000,Standard,PAIRED,3738175,PCR,GENOMIC,Tn-Seq,ILLUMINA,,"ERA234412, ERP000648, ERR305498, ERS033056, ERX278839",,,,,not applicable,Salmonella enterica subsp. enterica serovar Enteritidis,P125109,SAMEA1940360,,,SAMEA1940360,,,ERS033056,B2Egluc-sc-2011-05-04T10:55:50Z-1127485,P125109,,,,,,,,,,http://www.sanger.ac.uk/resources/downloads/bacteria/salmonella.html,PRJEB2514,http://www.sanger.ac.uk/resources/downloads/bacteria/salmonella.html,PRJEB2514,ERP000648,MICROME_single_carbon_source_testing_by_TraDIS-sc-2011-04-26T11:12:03Z-1819,MICROME_single_carbon_source_testing_by_TraDIS,"B2Egluc-sc-2011-05-04T10:55:50Z-1127485, SC_EXP_7176_5#12, MICROME_single_carbon_source_testing_by_TraDIS-sc-2011-04-26T11:12:03Z-1819",149539,,
,MICROME_single_carbon_source_testing_by_TraDIS,Salmonella enterica subsp. enterica serovar Typhimurium,"Illumina sequencing of library 3738185, constructed from sample accession ERS033047 for study accession ERP000648.  This is part of an Illumina multiplexed sequencing run (7176_6).  This submission includes reads tagged with the sequence TGGTTG.",,Illumina HiSeq 2000,Standard,PAIRED,3738185,PCR,GENOMIC,Tn-Seq,ILLUMINA,,"ERS033047, ERR305499, ERA234412, ERP000648, ERX278840",,,,,not applicable,Salmonella enterica subsp. enterica serovar Typhimurium,SL1344,SAMEA1940357,,,SAMEA1940357,,,ERS033047,A1Tmucic-sc-2011-05-04T10:55:45Z-1127476,SL1344,,,,,,,,,,http://www.sanger.ac.uk/resources/downloads/bacteria/salmonella.html,PRJEB2514,http://www.sanger.ac.uk/resources/downloads/bacteria/salmonella.html,PRJEB2514,ERP000648,MICROME_single_carbon_source_testing_by_TraDIS-sc-2011-04-26T11:12:03Z-1819,MICROME_single_carbon_source_testing_by_TraDIS,"A1Tmucic-sc-2011-05-04T10:55:45Z-1127476, SC_EXP_7176_6#13, MICROME_single_carbon_source_testing_by_TraDIS-sc-2011-04-26T11:12:03Z-1819",90371,,
,MICROME_single_carbon_source_testing_by_TraDIS,Salmonella enterica subsp. enterica serovar Typhimurium,"Illumina sequencing of library 3738186, constructed from sample accession ERS033048 for study accession ERP000648.  This is part of an Illumina multiplexed sequencing run (7176_6).  This submission includes reads tagged with the sequence TCTCGG.",,Illumina HiSeq 2000,Standard,PAIRED,3738186,PCR,GENOMIC,Tn-Seq,ILLUMINA,,"ERR305500, ERA234412, ERP000648, ERX278841, ERS033048",,,,,not applicable,Salmonella enterica subsp. enterica serovar Typhimurium,SL1344,SAMEA1942584,,,SAMEA1942584,,,ERS033048,A2Tmucic-sc-2011-05-04T10:55:45Z-1127477,SL1344,,,,,,,,,,http://www.sanger.ac.uk/resources/downloads/bacteria/salmonella.html,PRJEB2514,http://www.sanger.ac.uk/resources/downloads/bacteria/salmonella.html,PRJEB2514,ERP000648,MICROME_single_carbon_source_testing_by_TraDIS-sc-2011-04-26T11:12:03Z-1819,MICROME_single_carbon_source_testing_by_TraDIS,"A2Tmucic-sc-2011-05-04T10:55:45Z-1127477, SC_EXP_7176_6#14, MICROME_single_carbon_source_testing_by_TraDIS-sc-2011-04-26T11:12:03Z-1819",90371,,
,MICROME_single_carbon_source_testing_by_TraDIS,Salmonella enterica subsp. enterica serovar Typhimurium,"Illumina sequencing of library 3738187, constructed from sample accession ERS033049 for study accession ERP000648.  This is part of an Illumina multiplexed sequencing run (7176_6).  This submission includes reads tagged with the sequence TAAGCG.",,Illumina HiSeq 2000,Standard,PAIRED,3738187,PCR,GENOMIC,Tn-Seq,ILLUMINA,,"ERR305501, ERA234412, ERP000648, ERX278842, ERS033049",,,,,not applicable,Salmonella enterica subsp. enterica serovar Typhimurium,SL1344,SAMEA1941069,,,SAMEA1941069,,,ERS033049,B1Tmucic-sc-2011-05-04T10:55:46Z-1127478,SL1344,,,,,,,,,,http://www.sanger.ac.uk/resources/downloads/bacteria/salmonella.html,PRJEB2514,http://www.sanger.ac.uk/resources/downloads/bacteria/salmonella.html,PRJEB2514,ERP000648,MICROME_single_carbon_source_testing_by_TraDIS-sc-2011-04-26T11:12:03Z-1819,MICROME_single_carbon_source_testing_by_TraDIS,"SC_EXP_7176_6#15, B1Tmucic-sc-2011-05-04T10:55:46Z-1127478, MICROME_single_carbon_source_testing_by_TraDIS-sc-2011-04-26T11:12:03Z-1819",90371,,
,MICROME_single_carbon_source_testing_by_TraDIS,Salmonella enterica subsp. enterica serovar Typhimurium,"Illumina sequencing of library 3738188, constructed from sample accession ERS033050 for study accession ERP000648.  This is part of an Illumina multiplexed sequencing run (7176_6).  This submission includes reads tagged with the sequence TCCGTC.",,Illumina HiSeq 2000,Standard,PAIRED,3738188,PCR,GENOMIC,Tn-Seq,ILLUMINA,,"ERS033050, ERP000648, ERA234412, ERX278843, ERR305502",,,,,not applicable,Salmonella enterica subsp. enterica serovar Typhimurium,SL1344,SAMEA1940358,,,SAMEA1940358,,,ERS033050,B2Tmucic-sc-2011-05-04T10:55:47Z-1127479,SL1344,,,,,,,,,,http://www.sanger.ac.uk/resources/downloads/bacteria/salmonella.html,PRJEB2514,http://www.sanger.ac.uk/resources/downloads/bacteria/salmonella.html,PRJEB2514,ERP000648,MICROME_single_carbon_source_testing_by_TraDIS-sc-2011-04-26T11:12:03Z-1819,MICROME_single_carbon_source_testing_by_TraDIS,"SC_EXP_7176_6#16, B2Tmucic-sc-2011-05-04T10:55:47Z-1127479, MICROME_single_carbon_source_testing_by_TraDIS-sc-2011-04-26T11:12:03Z-1819",90371,,
,MICROME_single_carbon_source_testing_by_TraDIS,Salmonella enterica subsp. enterica serovar Typhimurium,"Illumina sequencing of library 3738198, constructed from sample accession ERS033041 for study accession ERP000648.  This is part of an Illumina multiplexed sequencing run (7176_7).  This submission includes reads tagged with the sequence GCCAAT.",,Illumina HiSeq 2000,Standard,PAIRED,3738198,PCR,GENOMIC,Tn-Seq,ILLUMINA,,"ERA234412, ERR305503, ERX278844, ERP000648, ERS033041",,,,,not applicable,Salmonella enterica subsp. enterica serovar Typhimurium,SL1344,SAMEA2035571,,,SAMEA2035571,,,ERS033041,TbaseA-sc-2011-05-04T10:55:41Z-1127470,SL1344,,,,,,,,,,http://www.sanger.ac.uk/resources/downloads/bacteria/salmonella.html,PRJEB2514,http://www.sanger.ac.uk/resources/downloads/bacteria/salmonella.html,PRJEB2514,ERP000648,MICROME_single_carbon_source_testing_by_TraDIS-sc-2011-04-26T11:12:03Z-1819,MICROME_single_carbon_source_testing_by_TraDIS,"SC_EXP_7176_7#3, TbaseA-sc-2011-05-04T10:55:41Z-1127470, MICROME_single_carbon_source_testing_by_TraDIS-sc-2011-04-26T11:12:03Z-1819",90371,,
,MICROME_single_carbon_source_testing_by_TraDIS,Salmonella enterica subsp. enterica serovar Typhimurium,"Illumina sequencing of library 3738199, constructed from sample accession ERS033042 for study accession ERP000648.  This is part of an Illumina multiplexed sequencing run (7176_7).  This submission includes reads tagged with the sequence ACAGTG.",,Illumina HiSeq 2000,Standard,PAIRED,3738199,PCR,GENOMIC,Tn-Seq,ILLUMINA,,"ERX278845, ERA234412, ERP000648, ERS033042, ERR305504",,,,,not applicable,Salmonella enterica subsp. enterica serovar Typhimurium,SL1344,SAMEA1942582,,,SAMEA1942582,,,ERS033042,TbaseB-sc-2011-05-04T10:55:42Z-1127471,SL1344,,,,,,,,,,http://www.sanger.ac.uk/resources/downloads/bacteria/salmonella.html,PRJEB2514,http://www.sanger.ac.uk/resources/downloads/bacteria/salmonella.html,PRJEB2514,ERP000648,MICROME_single_carbon_source_testing_by_TraDIS-sc-2011-04-26T11:12:03Z-1819,MICROME_single_carbon_source_testing_by_TraDIS,"TbaseB-sc-2011-05-04T10:55:42Z-1127471, SC_EXP_7176_7#4, MICROME_single_carbon_source_testing_by_TraDIS-sc-2011-04-26T11:12:03Z-1819",90371,,
,MICROME_single_carbon_source_testing_by_TraDIS,Salmonella enterica subsp. enterica serovar Typhimurium,"Illumina sequencing of library 3738190, constructed from sample accession ERS033043 for study accession ERP000648.  This is part of an Illumina multiplexed sequencing run (7176_8).  This submission includes reads tagged with the sequence ATCACGTT.",,Illumina HiSeq 2000,Standard,PAIRED,3738190,PCR,GENOMIC,Tn-Seq,ILLUMINA,,"ERX278846, ERA234412, ERS033043, ERP000648, ERR305505",,,,,not applicable,Salmonella enterica subsp. enterica serovar Typhimurium,SL1344,SAMEA1940982,,,SAMEA1940982,,,ERS033043,A1Tgluc-sc-2011-05-04T10:55:43Z-1127472,SL1344,,,,,,,,,,http://www.sanger.ac.uk/resources/downloads/bacteria/salmonella.html,PRJEB2514,http://www.sanger.ac.uk/resources/downloads/bacteria/salmonella.html,PRJEB2514,ERP000648,MICROME_single_carbon_source_testing_by_TraDIS-sc-2011-04-26T11:12:03Z-1819,MICROME_single_carbon_source_testing_by_TraDIS,"A1Tgluc-sc-2011-05-04T10:55:43Z-1127472, SC_EXP_7176_8#5, MICROME_single_carbon_source_testing_by_TraDIS-sc-2011-04-26T11:12:03Z-1819",90371,,
,MICROME_single_carbon_source_testing_by_TraDIS,Salmonella enterica subsp. enterica serovar Typhimurium,"Illumina sequencing of library 3738191, constructed from sample accession ERS033044 for study accession ERP000648.  This is part of an Illumina multiplexed sequencing run (7176_8).  This submission includes reads tagged with the sequence GATCAGCG.",,Illumina HiSeq 2000,Standard,PAIRED,3738191,PCR,GENOMIC,Tn-Seq,ILLUMINA,,"ERX278847, ERA234412, ERS033044, ERP000648, ERR305506",,,,,not applicable,Salmonella enterica subsp. enterica serovar Typhimurium,SL1344,SAMEA1940356,,,SAMEA1940356,,,ERS033044,A2Tgluc-sc-2011-05-04T10:55:43Z-1127473,SL1344,,,,,,,,,,http://www.sanger.ac.uk/resources/downloads/bacteria/salmonella.html,PRJEB2514,http://www.sanger.ac.uk/resources/downloads/bacteria/salmonella.html,PRJEB2514,ERP000648,MICROME_single_carbon_source_testing_by_TraDIS-sc-2011-04-26T11:12:03Z-1819,MICROME_single_carbon_source_testing_by_TraDIS,"A2Tgluc-sc-2011-05-04T10:55:43Z-1127473, MICROME_single_carbon_source_testing_by_TraDIS-sc-2011-04-26T11:12:03Z-1819, SC_EXP_7176_8#6",90371,,
,MICROME_single_carbon_source_testing_by_TraDIS,Salmonella enterica subsp. enterica serovar Typhimurium,"Illumina sequencing of library 3738192, constructed from sample accession ERS033045 for study accession ERP000648.  This is part of an Illumina multiplexed sequencing run (7176_8).  This submission includes reads tagged with the sequence CAGATCTG.",,Illumina HiSeq 2000,Standard,PAIRED,3738192,PCR,GENOMIC,Tn-Seq,ILLUMINA,,"ERR305507, ERS033045, ERA234412, ERP000648, ERX278848",,,,,not applicable,Salmonella enterica subsp. enterica serovar Typhimurium,SL1344,SAMEA1942583,,,SAMEA1942583,,,ERS033045,B1Tgluc-sc-2011-05-04T10:55:44Z-1127474,SL1344,,,,,,,,,,http://www.sanger.ac.uk/resources/downloads/bacteria/salmonella.html,PRJEB2514,http://www.sanger.ac.uk/resources/downloads/bacteria/salmonella.html,PRJEB2514,ERP000648,MICROME_single_carbon_source_testing_by_TraDIS-sc-2011-04-26T11:12:03Z-1819,MICROME_single_carbon_source_testing_by_TraDIS,"B1Tgluc-sc-2011-05-04T10:55:44Z-1127474, SC_EXP_7176_8#7, MICROME_single_carbon_source_testing_by_TraDIS-sc-2011-04-26T11:12:03Z-1819",90371,,
,MICROME_single_carbon_source_testing_by_TraDIS,Salmonella enterica subsp. enterica serovar Typhimurium,"Illumina sequencing of library 3738193, constructed from sample accession ERS033046 for study accession ERP000648.  This is part of an Illumina multiplexed sequencing run (7176_8).  This submission includes reads tagged with the sequence TTAGGCAT.",,Illumina HiSeq 2000,Standard,PAIRED,3738193,PCR,GENOMIC,Tn-Seq,ILLUMINA,,"ERS033046, ERA234412, ERP000648, ERX278849, ERR305508",,,,,not applicable,Salmonella enterica subsp. enterica serovar Typhimurium,SL1344,SAMEA1941068,,,SAMEA1941068,,,ERS033046,B2Tgluc-sc-2011-05-04T10:55:44Z-1127475,SL1344,,,,,,,,,,http://www.sanger.ac.uk/resources/downloads/bacteria/salmonella.html,PRJEB2514,http://www.sanger.ac.uk/resources/downloads/bacteria/salmonella.html,PRJEB2514,ERP000648,MICROME_single_carbon_source_testing_by_TraDIS-sc-2011-04-26T11:12:03Z-1819,MICROME_single_carbon_source_testing_by_TraDIS,"SC_EXP_7176_8#8, B2Tgluc-sc-2011-05-04T10:55:44Z-1127475, MICROME_single_carbon_source_testing_by_TraDIS-sc-2011-04-26T11:12:03Z-1819",90371,,
,MICROME_single_carbon_source_testing_by_TraDIS,Salmonella enterica subsp. enterica serovar Typhimurium,"Illumina sequencing of library 3657826, constructed from sample accession ERS053091 for study accession ERP000648.",,Illumina HiSeq 2000,Standard,SINGLE,3657826,PCR,GENOMIC,Tn-Seq,ILLUMINA,,"ERX278850, ERA234412, ERS053091, ERP000648, ERR305509",,,,,not applicable,Salmonella enterica subsp. enterica serovar Typhimurium,287/91,SAMEA1950262,,,SAMEA1950262,,,ERS053091,Gall425k-sc-2011-09-05T13:13:29Z-1272562,287/91,,,,,,,,,,http://www.sanger.ac.uk/resources/downloads/bacteria/salmonella.html,PRJEB2514,http://www.sanger.ac.uk/resources/downloads/bacteria/salmonella.html,PRJEB2514,ERP000648,MICROME_single_carbon_source_testing_by_TraDIS-sc-2011-04-26T11:12:03Z-1819,MICROME_single_carbon_source_testing_by_TraDIS,"Gall425k-sc-2011-09-05T13:13:29Z-1272562, SC_EXP_7197_7, MICROME_single_carbon_source_testing_by_TraDIS-sc-2011-04-26T11:12:03Z-1819",90371,,
,MICROME_single_carbon_source_testing_by_TraDIS,Salmonella enterica subsp. enterica serovar Enteritidis,"Illumina sequencing of library 3738195, constructed from sample accession ERS033051 for study accession ERP000648.  This is part of an Illumina multiplexed sequencing run (7197_8).  This submission includes reads tagged with the sequence TAGCTTG.",,Illumina HiSeq 2000,Standard,SINGLE,3738195,PCR,GENOMIC,Tn-Seq,ILLUMINA,,"ERR305510, ERX278851, ERA234412, ERP000648, ERS033051",,,,,not applicable,Salmonella enterica subsp. enterica serovar Enteritidis,P125109,SAMEA1942585,,,SAMEA1942585,,,ERS033051,EbaseA-sc-2011-05-04T10:55:47Z-1127480,P125109,,,,,,,,,,http://www.sanger.ac.uk/resources/downloads/bacteria/salmonella.html,PRJEB2514,http://www.sanger.ac.uk/resources/downloads/bacteria/salmonella.html,PRJEB2514,ERP000648,MICROME_single_carbon_source_testing_by_TraDIS-sc-2011-04-26T11:12:03Z-1819,MICROME_single_carbon_source_testing_by_TraDIS,"SC_EXP_7197_8#1, EbaseA-sc-2011-05-04T10:55:47Z-1127480, MICROME_single_carbon_source_testing_by_TraDIS-sc-2011-04-26T11:12:03Z-1819",149539,,
,MICROME_single_carbon_source_testing_by_TraDIS,Salmonella enterica subsp. enterica serovar Enteritidis,"Illumina sequencing of library 3738196, constructed from sample accession ERS033052 for study accession ERP000648.  This is part of an Illumina multiplexed sequencing run (7197_8).  This submission includes reads tagged with the sequence CGATGTT.",,Illumina HiSeq 2000,Standard,SINGLE,3738196,PCR,GENOMIC,Tn-Seq,ILLUMINA,,"ERR305511, ERX278852, ERA234412, ERP000648, ERS033052",,,,,not applicable,Salmonella enterica subsp. enterica serovar Enteritidis,P125109,SAMEA1941070,,,SAMEA1941070,,,ERS033052,EbaseB-sc-2011-05-04T10:55:48Z-1127481,P125109,,,,,,,,,,http://www.sanger.ac.uk/resources/downloads/bacteria/salmonella.html,PRJEB2514,http://www.sanger.ac.uk/resources/downloads/bacteria/salmonella.html,PRJEB2514,ERP000648,MICROME_single_carbon_source_testing_by_TraDIS-sc-2011-04-26T11:12:03Z-1819,MICROME_single_carbon_source_testing_by_TraDIS,"SC_EXP_7197_8#2, EbaseB-sc-2011-05-04T10:55:48Z-1127481, MICROME_single_carbon_source_testing_by_TraDIS-sc-2011-04-26T11:12:03Z-1819",149539,,
,TraDIS_on_tumour_targeting_Salmonella_Typhimurium,Salmonella enterica subsp. enterica serovar Typhimurium,"Illumina sequencing of library 2207147, constructed from sample accession ERS023577 for study accession ERP000525.  This is part of an Illumina multiplexed sequencing run (6145_4).  This submission includes reads tagged with the sequence TAGCTTGT.",,Illumina Genome Analyzer II,Custom,SINGLE,2207147,PCR,GENOMIC,Tn-Seq,ILLUMINA,,"ERP000525, ERX278859, ERR305578, ERA234431, ERS023577",,,,,,,,SAMEA1936500,,,SAMEA1936500,,,ERS023577,P1-sc-2011-02-18-1080982,SL1344,,,,,,,,,,http://www.sanger.ac.uk/resources/downloads/bacteria/salmonella.html,PRJEB2428,"http://www.sanger.ac.uk/resources/downloads/bacteria/salmonella.html This data is part of a pre-publication release. For information on the proper use of pre-publication data shared by the Wellcome Trust Sanger Institute (including details of any publication moratoria), please see http://www.sanger.ac.uk/datasharing/",PRJEB2428,ERP000525,TraDIS_on_tumour_targeting_Salmonella_Typhimurium-sc-2011-02-18,TraDIS_on_tumour_targeting_Salmonella_Typhimurium,"TraDIS_on_tumour_targeting_Salmonella_Typhimurium-sc-2011-02-18, P1-sc-2011-02-18-1080982, SC_EXP_6145_4#1",90371,,
,TraDIS_on_tumour_targeting_Salmonella_Typhimurium,Salmonella enterica subsp. enterica serovar Typhimurium,"Illumina sequencing of library 2207148, constructed from sample accession ERS023578 for study accession ERP000525.  This is part of an Illumina multiplexed sequencing run (6145_4).  This submission includes reads tagged with the sequence CGATGTTT.",,Illumina Genome Analyzer II,Custom,SINGLE,2207148,PCR,GENOMIC,Tn-Seq,ILLUMINA,,"ERP000525, ERX278860, ERA234431, ERS023578, ERR305579",,,,,,,,SAMEA1936468,,,SAMEA1936468,,,ERS023578,S1-sc-2011-02-18-1080983,SL1344,,,,,,,,,,http://www.sanger.ac.uk/resources/downloads/bacteria/salmonella.html,PRJEB2428,"http://www.sanger.ac.uk/resources/downloads/bacteria/salmonella.html This data is part of a pre-publication release. For information on the proper use of pre-publication data shared by the Wellcome Trust Sanger Institute (including details of any publication moratoria), please see http://www.sanger.ac.uk/datasharing/",PRJEB2428,ERP000525,TraDIS_on_tumour_targeting_Salmonella_Typhimurium-sc-2011-02-18,TraDIS_on_tumour_targeting_Salmonella_Typhimurium,"TraDIS_on_tumour_targeting_Salmonella_Typhimurium-sc-2011-02-18, SC_EXP_6145_4#2, S1-sc-2011-02-18-1080983",90371,,
,TraDIS_on_tumour_targeting_Salmonella_Typhimurium,Salmonella enterica subsp. enterica serovar Typhimurium,"Illumina sequencing of library 2207149, constructed from sample accession ERS023579 for study accession ERP000525.  This is part of an Illumina multiplexed sequencing run (6145_4).  This submission includes reads tagged with the sequence GCCAATGT.",,Illumina Genome Analyzer II,Custom,SINGLE,2207149,PCR,GENOMIC,Tn-Seq,ILLUMINA,,"ERX278861, ERP000525, ERR305580, ERA234431, ERS023579",,,,,,,,SAMEA1936306,,,SAMEA1936306,,,ERS023579,S2-sc-2011-02-18-1080984,SL1344,,,,,,,,,,http://www.sanger.ac.uk/resources/downloads/bacteria/salmonella.html,PRJEB2428,"http://www.sanger.ac.uk/resources/downloads/bacteria/salmonella.html This data is part of a pre-publication release. For information on the proper use of pre-publication data shared by the Wellcome Trust Sanger Institute (including details of any publication moratoria), please see http://www.sanger.ac.uk/datasharing/",PRJEB2428,ERP000525,TraDIS_on_tumour_targeting_Salmonella_Typhimurium-sc-2011-02-18,TraDIS_on_tumour_targeting_Salmonella_Typhimurium,"TraDIS_on_tumour_targeting_Salmonella_Typhimurium-sc-2011-02-18, S2-sc-2011-02-18-1080984, SC_EXP_6145_4#3",90371,,
,TraDIS_on_tumour_targeting_Salmonella_Typhimurium,Salmonella enterica subsp. enterica serovar Typhimurium,"Illumina sequencing of library 2207150, constructed from sample accession ERS023580 for study accession ERP000525.  This is part of an Illumina multiplexed sequencing run (6145_4).  This submission includes reads tagged with the sequence ACAGTGGT.",,Illumina Genome Analyzer II,Custom,SINGLE,2207150,PCR,GENOMIC,Tn-Seq,ILLUMINA,,"ERP000525, ERX278862, ERR305581, ERA234431, ERS023580",,,,,,,,SAMEA1936501,,,SAMEA1936501,,,ERS023580,S3-sc-2011-02-18-1080985,SL1344,,,,,,,,,,http://www.sanger.ac.uk/resources/downloads/bacteria/salmonella.html,PRJEB2428,"http://www.sanger.ac.uk/resources/downloads/bacteria/salmonella.html This data is part of a pre-publication release. For information on the proper use of pre-publication data shared by the Wellcome Trust Sanger Institute (including details of any publication moratoria), please see http://www.sanger.ac.uk/datasharing/",PRJEB2428,ERP000525,TraDIS_on_tumour_targeting_Salmonella_Typhimurium-sc-2011-02-18,TraDIS_on_tumour_targeting_Salmonella_Typhimurium,"SC_EXP_6145_4#4, TraDIS_on_tumour_targeting_Salmonella_Typhimurium-sc-2011-02-18, S3-sc-2011-02-18-1080985",90371,,
,TraDIS_on_tumour_targeting_Salmonella_Typhimurium,Salmonella enterica subsp. enterica serovar Typhimurium,"Illumina sequencing of library 2207151, constructed from sample accession ERS023581 for study accession ERP000525.  This is part of an Illumina multiplexed sequencing run (6145_4).  This submission includes reads tagged with the sequence ATCACGTT.",,Illumina Genome Analyzer II,Custom,SINGLE,2207151,PCR,GENOMIC,Tn-Seq,ILLUMINA,,"ERP000525, ERX278863, ERA234431, ERS023581, ERR305582",,,,,,,,SAMEA1936469,,,SAMEA1936469,,,ERS023581,S4-sc-2011-02-18-1080986,SL1344,,,,,,,,,,http://www.sanger.ac.uk/resources/downloads/bacteria/salmonella.html,PRJEB2428,"http://www.sanger.ac.uk/resources/downloads/bacteria/salmonella.html This data is part of a pre-publication release. For information on the proper use of pre-publication data shared by the Wellcome Trust Sanger Institute (including details of any publication moratoria), please see http://www.sanger.ac.uk/datasharing/",PRJEB2428,ERP000525,TraDIS_on_tumour_targeting_Salmonella_Typhimurium-sc-2011-02-18,TraDIS_on_tumour_targeting_Salmonella_Typhimurium,"SC_EXP_6145_4#5, S4-sc-2011-02-18-1080986, TraDIS_on_tumour_targeting_Salmonella_Typhimurium-sc-2011-02-18",90371,,
,TraDIS_on_tumour_targeting_Salmonella_Typhimurium,Salmonella enterica subsp. enterica serovar Typhimurium,"Illumina sequencing of library 2207152, constructed from sample accession ERS023582 for study accession ERP000525.  This is part of an Illumina multiplexed sequencing run (6145_4).  This submission includes reads tagged with the sequence GATCAGCG.",,Illumina Genome Analyzer II,Custom,SINGLE,2207152,PCR,GENOMIC,Tn-Seq,ILLUMINA,,"ERP000525, ERR305583, ERX278864, ERA234431, ERS023582",,,,,,,,SAMEA1936307,,,SAMEA1936307,,,ERS023582,P4-sc-2011-02-18-1080987,SL1344,,,,,,,,,,http://www.sanger.ac.uk/resources/downloads/bacteria/salmonella.html,PRJEB2428,"http://www.sanger.ac.uk/resources/downloads/bacteria/salmonella.html This data is part of a pre-publication release. For information on the proper use of pre-publication data shared by the Wellcome Trust Sanger Institute (including details of any publication moratoria), please see http://www.sanger.ac.uk/datasharing/",PRJEB2428,ERP000525,TraDIS_on_tumour_targeting_Salmonella_Typhimurium-sc-2011-02-18,TraDIS_on_tumour_targeting_Salmonella_Typhimurium,"TraDIS_on_tumour_targeting_Salmonella_Typhimurium-sc-2011-02-18, SC_EXP_6145_4#6, P4-sc-2011-02-18-1080987",90371,,
,TraDIS_on_tumour_targeting_Salmonella_Typhimurium,Salmonella enterica subsp. enterica serovar Typhimurium,"Illumina sequencing of library 2207153, constructed from sample accession ERS023583 for study accession ERP000525.  This is part of an Illumina multiplexed sequencing run (6145_4).  This submission includes reads tagged with the sequence CAGATCTG.",,Illumina Genome Analyzer II,Custom,SINGLE,2207153,PCR,GENOMIC,Tn-Seq,ILLUMINA,,"ERP000525, ERS023583, ERR305584, ERX278865, ERA234431",,,,,,,,SAMEA2035369,,,SAMEA2035369,,,ERS023583,S9-sc-2011-02-18-1080988,SL1344,,,,,,,,,,http://www.sanger.ac.uk/resources/downloads/bacteria/salmonella.html,PRJEB2428,"http://www.sanger.ac.uk/resources/downloads/bacteria/salmonella.html This data is part of a pre-publication release. For information on the proper use of pre-publication data shared by the Wellcome Trust Sanger Institute (including details of any publication moratoria), please see http://www.sanger.ac.uk/datasharing/",PRJEB2428,ERP000525,TraDIS_on_tumour_targeting_Salmonella_Typhimurium-sc-2011-02-18,TraDIS_on_tumour_targeting_Salmonella_Typhimurium,"TraDIS_on_tumour_targeting_Salmonella_Typhimurium-sc-2011-02-18, SC_EXP_6145_4#7, S9-sc-2011-02-18-1080988",90371,,
,TraDIS_on_tumour_targeting_Salmonella_Typhimurium,Salmonella enterica subsp. enterica serovar Typhimurium,"Illumina sequencing of library 2207154, constructed from sample accession ERS023584 for study accession ERP000525.  This is part of an Illumina multiplexed sequencing run (6145_4).  This submission includes reads tagged with the sequence TTAGGCAT.",,Illumina Genome Analyzer II,Custom,SINGLE,2207154,PCR,GENOMIC,Tn-Seq,ILLUMINA,,"ERP000525, ERR305585, ERS023584, ERA234431, ERX278866",,,,,,,,SAMEA1936470,,,SAMEA1936470,,,ERS023584,S10-sc-2011-02-18-1080989,SL1344,,,,,,,,,,http://www.sanger.ac.uk/resources/downloads/bacteria/salmonella.html,PRJEB2428,"http://www.sanger.ac.uk/resources/downloads/bacteria/salmonella.html This data is part of a pre-publication release. For information on the proper use of pre-publication data shared by the Wellcome Trust Sanger Institute (including details of any publication moratoria), please see http://www.sanger.ac.uk/datasharing/",PRJEB2428,ERP000525,TraDIS_on_tumour_targeting_Salmonella_Typhimurium-sc-2011-02-18,TraDIS_on_tumour_targeting_Salmonella_Typhimurium,"TraDIS_on_tumour_targeting_Salmonella_Typhimurium-sc-2011-02-18, SC_EXP_6145_4#8, S10-sc-2011-02-18-1080989",90371,,
,TraDIS_on_tumour_targeting_Salmonella_Typhimurium,Salmonella enterica subsp. enterica serovar Typhimurium,"Illumina sequencing of library 2207155, constructed from sample accession ERS023585 for study accession ERP000525.  This is part of an Illumina multiplexed sequencing run (6145_4).  This submission includes reads tagged with the sequence GGCTACAG.",,Illumina Genome Analyzer II,Custom,SINGLE,2207155,PCR,GENOMIC,Tn-Seq,ILLUMINA,,"ERP000525, ERR305586, ERS023585, ERA234431, ERX278867",,,,,,,,SAMEA1936308,,,SAMEA1936308,,,ERS023585,S11-sc-2011-02-18-1080990,SL1344,,,,,,,,,,http://www.sanger.ac.uk/resources/downloads/bacteria/salmonella.html,PRJEB2428,"http://www.sanger.ac.uk/resources/downloads/bacteria/salmonella.html This data is part of a pre-publication release. For information on the proper use of pre-publication data shared by the Wellcome Trust Sanger Institute (including details of any publication moratoria), please see http://www.sanger.ac.uk/datasharing/",PRJEB2428,ERP000525,TraDIS_on_tumour_targeting_Salmonella_Typhimurium-sc-2011-02-18,TraDIS_on_tumour_targeting_Salmonella_Typhimurium,"TraDIS_on_tumour_targeting_Salmonella_Typhimurium-sc-2011-02-18, SC_EXP_6145_4#9, S11-sc-2011-02-18-1080990",90371,,
,TraDIS_on_tumour_targeting_Salmonella_Typhimurium,Salmonella enterica subsp. enterica serovar Typhimurium,"Illumina sequencing of library 2207156, constructed from sample accession ERS023586 for study accession ERP000525.  This is part of an Illumina multiplexed sequencing run (6145_4).  This submission includes reads tagged with the sequence CTTGTACT.",,Illumina Genome Analyzer II,Custom,SINGLE,2207156,PCR,GENOMIC,Tn-Seq,ILLUMINA,,"ERP000525, ERX278868, ERR305587, ERA234431, ERS023586",,,,,,,,SAMEA1936502,,,SAMEA1936502,,,ERS023586,S12-sc-2011-02-18-1080991,SL1344,,,,,,,,,,http://www.sanger.ac.uk/resources/downloads/bacteria/salmonella.html,PRJEB2428,"http://www.sanger.ac.uk/resources/downloads/bacteria/salmonella.html This data is part of a pre-publication release. For information on the proper use of pre-publication data shared by the Wellcome Trust Sanger Institute (including details of any publication moratoria), please see http://www.sanger.ac.uk/datasharing/",PRJEB2428,ERP000525,TraDIS_on_tumour_targeting_Salmonella_Typhimurium-sc-2011-02-18,TraDIS_on_tumour_targeting_Salmonella_Typhimurium,"TraDIS_on_tumour_targeting_Salmonella_Typhimurium-sc-2011-02-18, SC_EXP_6145_4#10, S12-sc-2011-02-18-1080991",90371,,
,TraDIS_on_tumour_targeting_Salmonella_Typhimurium,Salmonella enterica subsp. enterica serovar Typhimurium,"Illumina sequencing of library 2207157, constructed from sample accession ERS023587 for study accession ERP000525.  This is part of an Illumina multiplexed sequencing run (6145_4).  This submission includes reads tagged with the sequence ACTTGATG.",,Illumina Genome Analyzer II,Custom,SINGLE,2207157,PCR,GENOMIC,Tn-Seq,ILLUMINA,,"ERX278869, ERP000525, ERS023587, ERA234431, ERR305588",,,,,,,,SAMEA1936471,,,SAMEA1936471,,,ERS023587,P5-sc-2011-02-18-1080992,SL1344,,,,,,,,,,http://www.sanger.ac.uk/resources/downloads/bacteria/salmonella.html,PRJEB2428,"http://www.sanger.ac.uk/resources/downloads/bacteria/salmonella.html This data is part of a pre-publication release. For information on the proper use of pre-publication data shared by the Wellcome Trust Sanger Institute (including details of any publication moratoria), please see http://www.sanger.ac.uk/datasharing/",PRJEB2428,ERP000525,TraDIS_on_tumour_targeting_Salmonella_Typhimurium-sc-2011-02-18,TraDIS_on_tumour_targeting_Salmonella_Typhimurium,"P5-sc-2011-02-18-1080992, TraDIS_on_tumour_targeting_Salmonella_Typhimurium-sc-2011-02-18, SC_EXP_6145_4#11",90371,,
,TraDIS_on_tumour_targeting_Salmonella_Typhimurium,Salmonella enterica subsp. enterica serovar Typhimurium,"Illumina sequencing of library 2207158, constructed from sample accession ERS023588 for study accession ERP000525.  This is part of an Illumina multiplexed sequencing run (6145_4).  This submission includes reads tagged with the sequence TGACCACT.",,Illumina Genome Analyzer II,Custom,SINGLE,2207158,PCR,GENOMIC,Tn-Seq,ILLUMINA,,"ERP000525, ERX278870, ERR305589, ERA234431, ERS023588",,,,,,,,SAMEA1936309,,,SAMEA1936309,,,ERS023588,S13-sc-2011-02-18-1080993,SL1344,,,,,,,,,,http://www.sanger.ac.uk/resources/downloads/bacteria/salmonella.html,PRJEB2428,"http://www.sanger.ac.uk/resources/downloads/bacteria/salmonella.html This data is part of a pre-publication release. For information on the proper use of pre-publication data shared by the Wellcome Trust Sanger Institute (including details of any publication moratoria), please see http://www.sanger.ac.uk/datasharing/",PRJEB2428,ERP000525,TraDIS_on_tumour_targeting_Salmonella_Typhimurium-sc-2011-02-18,TraDIS_on_tumour_targeting_Salmonella_Typhimurium,"TraDIS_on_tumour_targeting_Salmonella_Typhimurium-sc-2011-02-18, S13-sc-2011-02-18-1080993, SC_EXP_6145_4#12",90371,,
,TraDIS_on_tumour_targeting_Salmonella_Typhimurium,Salmonella enterica subsp. enterica serovar Typhimurium,"Illumina sequencing of library 2207159, constructed from sample accession ERS023589 for study accession ERP000525.  This is part of an Illumina multiplexed sequencing run (6145_4).  This submission includes reads tagged with the sequence TGGTTGTT.",,Illumina Genome Analyzer II,Custom,SINGLE,2207159,PCR,GENOMIC,Tn-Seq,ILLUMINA,,"ERP000525, ERR305590, ERX278871, ERA234431, ERS023589",,,,,,,,SAMEA1936503,,,SAMEA1936503,,,ERS023589,S14-sc-2011-02-18-1080994,SL1344,,,,,,,,,,http://www.sanger.ac.uk/resources/downloads/bacteria/salmonella.html,PRJEB2428,"http://www.sanger.ac.uk/resources/downloads/bacteria/salmonella.html This data is part of a pre-publication release. For information on the proper use of pre-publication data shared by the Wellcome Trust Sanger Institute (including details of any publication moratoria), please see http://www.sanger.ac.uk/datasharing/",PRJEB2428,ERP000525,TraDIS_on_tumour_targeting_Salmonella_Typhimurium-sc-2011-02-18,TraDIS_on_tumour_targeting_Salmonella_Typhimurium,"TraDIS_on_tumour_targeting_Salmonella_Typhimurium-sc-2011-02-18, SC_EXP_6145_4#13, S14-sc-2011-02-18-1080994",90371,,
,TraDIS_on_tumour_targeting_Salmonella_Typhimurium,Salmonella enterica subsp. enterica serovar Typhimurium,"Illumina sequencing of library 2207160, constructed from sample accession ERS023590 for study accession ERP000525.  This is part of an Illumina multiplexed sequencing run (6145_4).  This submission includes reads tagged with the sequence TCTCGGTT.",,Illumina Genome Analyzer II,Custom,SINGLE,2207160,PCR,GENOMIC,Tn-Seq,ILLUMINA,,"ERX278872, ERP000525, ERS023590, ERA234431, ERR305591",,,,,,,,SAMEA1936472,,,SAMEA1936472,,,ERS023590,S15-sc-2011-02-18-1080995,SL1344,,,,,,,,,,http://www.sanger.ac.uk/resources/downloads/bacteria/salmonella.html,PRJEB2428,"http://www.sanger.ac.uk/resources/downloads/bacteria/salmonella.html This data is part of a pre-publication release. For information on the proper use of pre-publication data shared by the Wellcome Trust Sanger Institute (including details of any publication moratoria), please see http://www.sanger.ac.uk/datasharing/",PRJEB2428,ERP000525,TraDIS_on_tumour_targeting_Salmonella_Typhimurium-sc-2011-02-18,TraDIS_on_tumour_targeting_Salmonella_Typhimurium,"TraDIS_on_tumour_targeting_Salmonella_Typhimurium-sc-2011-02-18, SC_EXP_6145_4#14, S15-sc-2011-02-18-1080995",90371,,
,TraDIS_on_tumour_targeting_Salmonella_Typhimurium,Salmonella enterica subsp. enterica serovar Typhimurium,"Illumina sequencing of library 2207161, constructed from sample accession ERS023591 for study accession ERP000525.  This is part of an Illumina multiplexed sequencing run (6145_4).  This submission includes reads tagged with the sequence TAAGCGTT.",,Illumina Genome Analyzer II,Custom,SINGLE,2207161,PCR,GENOMIC,Tn-Seq,ILLUMINA,,"ERP000525, ERX278873, ERR305592, ERA234431, ERS023591",,,,,,,,SAMEA1936310,,,SAMEA1936310,,,ERS023591,S16-sc-2011-02-18-1080996,SL1344,,,,,,,,,,http://www.sanger.ac.uk/resources/downloads/bacteria/salmonella.html,PRJEB2428,"http://www.sanger.ac.uk/resources/downloads/bacteria/salmonella.html This data is part of a pre-publication release. For information on the proper use of pre-publication data shared by the Wellcome Trust Sanger Institute (including details of any publication moratoria), please see http://www.sanger.ac.uk/datasharing/",PRJEB2428,ERP000525,TraDIS_on_tumour_targeting_Salmonella_Typhimurium-sc-2011-02-18,TraDIS_on_tumour_targeting_Salmonella_Typhimurium,"TraDIS_on_tumour_targeting_Salmonella_Typhimurium-sc-2011-02-18, S16-sc-2011-02-18-1080996, SC_EXP_6145_4#15",90371,,
,TraDIS_on_salmonella_typhimurium__Tn5_macrophages,Salmonella Typhimurium Tn5 transposon integration site sequencing,"Illumina sequencing of library 428050, constructed from sample accession ERS016460 for study accession ERP000364.",,Illumina Genome Analyzer II,Custom,SINGLE,428050,PCR,GENOMIC,Tn-Seq,ILLUMINA,,"ERS016460, ERX279166, ERP000364, ERA234794, ERR305885",,,,,,,,SAMEA1935245,,,SAMEA1935245,,,ERS016460,Salmonella_Typhimurium_Tn5_transposon_integration_site_sequencing-sc-2010-10-19-241711,,,,,,transposon insertion site sequencing,,,,,http://www.sanger.ac.uk/resources/downloads/bacteria/salmonella.html,PRJEB2302,"http://www.sanger.ac.uk/resources/downloads/bacteria/salmonella.html. This data is part of a pre-publication release. For information on the proper use of pre-publication data shared by the Wellcome Trust Sanger Institute (including details of any publication moratoria), please see http://www.sanger.ac.uk/datasharing/",PRJEB2302,ERP000364,TraDIS_on_salmonella_typhimurium__Tn5_macrophages-sc-2010-10-19,TraDIS_on_salmonella_typhimurium__Tn5_macrophages,"TraDIS_on_salmonella_typhimurium__Tn5_macrophages-sc-2010-10-19, SC_EXP_5155_6, Salmonella_Typhimurium_Tn5_transposon_integration_site_sequencing-sc-2010-10-19-241711",90371,,
,TraDIS_on_salmonella_typhimurium__Tn5_macrophages,Salmonella Typhimurium Tn5 transposon integration site sequencing,"Illumina sequencing of library 428051, constructed from sample accession ERS016461 for study accession ERP000364.",,Illumina Genome Analyzer II,Custom,SINGLE,428051,PCR,GENOMIC,Tn-Seq,ILLUMINA,,"ERX279167, ERS016461, ERP000364, ERR305886, ERA234794",,,,,,,,SAMEA1935068,,,SAMEA1935068,,,ERS016461,Salmonella_Typhimurium_Tn5_transposon_integration_site_sequencing-sc-2010-10-19-241712,,,,,,transposon insertion site sequencing,,,,,http://www.sanger.ac.uk/resources/downloads/bacteria/salmonella.html,PRJEB2302,"http://www.sanger.ac.uk/resources/downloads/bacteria/salmonella.html. This data is part of a pre-publication release. For information on the proper use of pre-publication data shared by the Wellcome Trust Sanger Institute (including details of any publication moratoria), please see http://www.sanger.ac.uk/datasharing/",PRJEB2302,ERP000364,TraDIS_on_salmonella_typhimurium__Tn5_macrophages-sc-2010-10-19,TraDIS_on_salmonella_typhimurium__Tn5_macrophages,"TraDIS_on_salmonella_typhimurium__Tn5_macrophages-sc-2010-10-19, SC_EXP_5155_7, Salmonella_Typhimurium_Tn5_transposon_integration_site_sequencing-sc-2010-10-19-241712",90371,,
,TraDIS_on_salmonella_typhimurium__Tn5_macrophages,Salmonella Typhimurium Tn5 transposon integration site sequencing,"Illumina sequencing of library 428052, constructed from sample accession ERS016435 for study accession ERP000364.",,Illumina Genome Analyzer II,Custom,SINGLE,428052,PCR,GENOMIC,Tn-Seq,ILLUMINA,,"ERP000364, ERR305887, ERA234794, ERS016435, ERX279168",,,,,,,,SAMEA1935169,,,SAMEA1935169,,,ERS016435,Salmonella_Typhimurium_Tn5_transposon_integration_site_sequencing-sc-2010-10-19-241713,,,,,,transposon insertion site sequencing,,,,,http://www.sanger.ac.uk/resources/downloads/bacteria/salmonella.html,PRJEB2302,"http://www.sanger.ac.uk/resources/downloads/bacteria/salmonella.html. This data is part of a pre-publication release. For information on the proper use of pre-publication data shared by the Wellcome Trust Sanger Institute (including details of any publication moratoria), please see http://www.sanger.ac.uk/datasharing/",PRJEB2302,ERP000364,TraDIS_on_salmonella_typhimurium__Tn5_macrophages-sc-2010-10-19,TraDIS_on_salmonella_typhimurium__Tn5_macrophages,"TraDIS_on_salmonella_typhimurium__Tn5_macrophages-sc-2010-10-19, SC_EXP_5684_1, Salmonella_Typhimurium_Tn5_transposon_integration_site_sequencing-sc-2010-10-19-241713",90371,,
,TraDIS_of_Salmonella_Typhimurium_subjected_to_serum_killing,Salmonella enterica subsp. enterica serovar Typhimurium,"Illumina sequencing of library 1655373, constructed from sample accession ERS017729 for study accession ERP000432.",,Illumina Genome Analyzer II,Custom,SINGLE,1655373,PCR,GENOMIC,Tn-Seq,ILLUMINA,,"ERA234801, ERR305895, ERP000432, ERX279176, ERS017729",,,,,,,,SAMEA1935404,,,SAMEA1935404,,,ERS017729,SKill_out1-sc-2010-12-13-1026417,,,,,,TraDIS serum killing output 1,SL3261,,,,For further information on this study please see http://www.sanger.ac.uk/resources/downloads/bacteria/salmonella.html,PRJEB2355,"For further information on this study please see http://www.sanger.ac.uk/resources/downloads/bacteria/salmonella.html This data is part of a pre-publication release. For information on the proper use of pre-publication data shared by the Wellcome Trust Sanger Institute (including details of any publication moratoria), please see http://www.sanger.ac.uk/datasharing/",PRJEB2355,ERP000432,TraDIS_of_Salmonella_Typhimurium_subjected_to_serum_killing-sc-2010-12-13,TraDIS_of_Salmonella_Typhimurium_subjected_to_serum_killing,"SC_EXP_5850_6, TraDIS_of_Salmonella_Typhimurium_subjected_to_serum_killing-sc-2010-12-13, SKill_out1-sc-2010-12-13-1026417",90371,,
,TraDIS_of_Salmonella_Typhimurium_subjected_to_serum_killing,Salmonella enterica subsp. enterica serovar Typhimurium,"Illumina sequencing of library 1655372, constructed from sample accession ERS017728 for study accession ERP000432.",,Illumina Genome Analyzer II,Custom,SINGLE,1655372,PCR,GENOMIC,Tn-Seq,ILLUMINA,,"ERR305896, ERA234801, ERS017728, ERP000432, ERX279177",,,,,,,,SAMEA1935409,,,SAMEA1935409,,,ERS017728,SKill_in-sc-2010-12-13-1026416,,,,,,TraDIS serum killing input,SL3261,,,,For further information on this study please see http://www.sanger.ac.uk/resources/downloads/bacteria/salmonella.html,PRJEB2355,"For further information on this study please see http://www.sanger.ac.uk/resources/downloads/bacteria/salmonella.html This data is part of a pre-publication release. For information on the proper use of pre-publication data shared by the Wellcome Trust Sanger Institute (including details of any publication moratoria), please see http://www.sanger.ac.uk/datasharing/",PRJEB2355,ERP000432,TraDIS_of_Salmonella_Typhimurium_subjected_to_serum_killing-sc-2010-12-13,TraDIS_of_Salmonella_Typhimurium_subjected_to_serum_killing,"SKill_in-sc-2010-12-13-1026416, TraDIS_of_Salmonella_Typhimurium_subjected_to_serum_killing-sc-2010-12-13, SC_EXP_6145_1",90371,,
,TraDIS_of_Salmonella_Typhimurium_subjected_to_serum_killing,Salmonella enterica subsp. enterica serovar Typhimurium,"Illumina sequencing of library 1655374, constructed from sample accession ERS017730 for study accession ERP000432.",,Illumina Genome Analyzer II,Custom,SINGLE,1655374,PCR,GENOMIC,Tn-Seq,ILLUMINA,,"ERX279178, ERS017730, ERP000432, ERR305897, ERA234801",,,,,,,,SAMEA1935443,,,SAMEA1935443,,,ERS017730,SKill_out2-sc-2010-12-13-1026418,,,,,,TraDIS serum killing output 2,SL3261,,,,For further information on this study please see http://www.sanger.ac.uk/resources/downloads/bacteria/salmonella.html,PRJEB2355,"For further information on this study please see http://www.sanger.ac.uk/resources/downloads/bacteria/salmonella.html This data is part of a pre-publication release. For information on the proper use of pre-publication data shared by the Wellcome Trust Sanger Institute (including details of any publication moratoria), please see http://www.sanger.ac.uk/datasharing/",PRJEB2355,ERP000432,TraDIS_of_Salmonella_Typhimurium_subjected_to_serum_killing-sc-2010-12-13,TraDIS_of_Salmonella_Typhimurium_subjected_to_serum_killing,"SKill_out2-sc-2010-12-13-1026418, SC_EXP_6145_2, TraDIS_of_Salmonella_Typhimurium_subjected_to_serum_killing-sc-2010-12-13",90371,,
,TraDIS_of_Salmonella_Typhimurium_subjected_to_serum_killing,Salmonella enterica subsp. enterica serovar Typhimurium,"Illumina sequencing of library 1655375, constructed from sample accession ERS017731 for study accession ERP000432.",,Illumina Genome Analyzer II,Custom,SINGLE,1655375,PCR,GENOMIC,Tn-Seq,ILLUMINA,,"ERX279179, ERS017731, ERR305898, ERP000432, ERA234801",,,,,,,,SAMEA2032540,,,SAMEA2032540,,,ERS017731,SKill_out3-sc-2010-12-13-1026419,,,,,,TraDIS serum killing output 3,SL3261,,,,For further information on this study please see http://www.sanger.ac.uk/resources/downloads/bacteria/salmonella.html,PRJEB2355,"For further information on this study please see http://www.sanger.ac.uk/resources/downloads/bacteria/salmonella.html This data is part of a pre-publication release. For information on the proper use of pre-publication data shared by the Wellcome Trust Sanger Institute (including details of any publication moratoria), please see http://www.sanger.ac.uk/datasharing/",PRJEB2355,ERP000432,TraDIS_of_Salmonella_Typhimurium_subjected_to_serum_killing-sc-2010-12-13,TraDIS_of_Salmonella_Typhimurium_subjected_to_serum_killing,"SC_EXP_6145_3, TraDIS_of_Salmonella_Typhimurium_subjected_to_serum_killing-sc-2010-12-13, SKill_out3-sc-2010-12-13-1026419",90371,,
1,"Salmonella enterica subsp. enterica serovar 4,[5],12:i:- str. 08-1736",,SMRT deep shotgun sequencing of cultured isolate,"PRJNA50689, SAMN02212496",PacBio RS,PacBio RS 10kb SMRTbell library protocol (DOI: 10.1093/nar/gkq543),SINGLE,Salmonella enterica str. CFSAN001158_02 10kb SMRTbell library.,RANDOM,GENOMIC,WGS,PACBIO_SMRT,NULL,"SRR926323, SRR926330, SRP026480, SRX317131, SRR924413, SRR926329, SRS454371, SRA091985, SRR926324, SRR926325, SRR926326, SRR926327",PacBio SMRT Analysis,Application Read,0,Forward,,,,SAMN02212496,"environmental/food/other, Pathogen",bioproject,SAMN02212496,50689,PRJNA50689,SRS454371,CFSAN001158_01,,"Environmental, food or other pathogen sample for Salmonella enterica subsp. enterica serovar 4,[5],12:i:- str. 08-1736","4,[5],12:i:-",08-1736,enterica,,,"Salmonella enterica subsp. enterica serovar 4,[5],12:i:- str. 08-1736",0,0,Salmonella is an important foodborne pathogen.,PRJNA50689,,PRJNA50689,SRP026480,,"Salmonella enterica subsp. enterica serovar 4,[5],12:i:- str. 08-1736 genome sequencing project.",CFSAN001158_02,866913,"Whole genome shotgun sequencing of Salmonella enterica subsp. enterica serovar 4,5,12, i- str. 08-1736 by Pacific Biosciences SMRT",1.4.0
